# question | correct answer | distractor 1 | distractor 2 | distractor 3
ก่อนค้นข้อมูลควรกำหนดอะไร|วัตถุประสงค์และประเด็น|สีเว็บไซต์|ชื่อเล่นเพื่อน|จำนวนโฆษณา
คำค้นที่ดีควรมีลักษณะใด|ตรงประเด็นและเฉพาะเจาะจง|ยาวที่สุดเสมอ|ไม่มีคำสำคัญ|เป็นคำสุ่ม
ค้นเรื่องการแยกขยะในโรงเรียนควรใช้คำใด|การแยกขยะ โรงเรียน|สิ่งต่าง ๆ|ทุกอย่าง|ข่าวทั้งหมด
ผลค้นหาอันดับแรกเชื่อได้ทันทีหรือไม่|ไม่ ต้องประเมินแหล่งและหลักฐาน|ได้เสมอ|ได้ถ้ามีภาพ|ได้ถ้าชื่อสั้น
การค้นด้วยคำสำคัญช่วยอะไร|ลดผลที่ไม่เกี่ยวข้อง|รับประกันข้อมูลจริง|ลบโฆษณาทั้งหมด|ปิดเว็บไซต์
ค้นข้อมูลแล้วไม่ตรงประเด็นควรทำอะไร|ปรับคำค้นและตรวจแหล่ง|แชร์ทันที|หยุดตรวจ|เชื่อผลเดิม
บทความไม่มีผู้เขียนหรือแหล่งอ้างอิงควรทำอะไร|ตรวจเพิ่มเติมก่อนใช้|เชื่อเพราะอ่านง่าย|ส่งต่อทันที|ถือว่าจริงทุกคำ
วันที่เผยแพร่ข้อมูลช่วยประเมินอะไร|ความเหมาะสมด้านเวลา|สีของข้อมูล|มวลไฟล์|จำนวนคนเขียนเสมอ
ข้อมูลยอดใช้โทรศัพท์เมื่อสิบปีก่อนเหมาะใช้สรุปปัจจุบันทันทีหรือไม่|ไม่ ควรหาข้อมูลใหม่|เหมาะทุกกรณี|เหมาะเพราะเก่า|เหมาะถ้ามีกราฟ
เว็บไซต์ชื่อคล้ายหน่วยงานจริงเพียงอย่างเดียวเชื่อได้หรือไม่|ไม่ได้ ต้องตรวจเจ้าของและหลักฐาน|ได้เสมอ|ได้ถ้ามีโลโก้|ได้ถ้ามีเพลง
การอ้างอิงแหล่งข้อมูลมีประโยชน์ใด|ตรวจสอบต้นทางได้|รับประกันถูกเสมอ|แทนการอ่าน|ทำให้ข้อมูลใหม่ทันที
ข้อมูลปฐมภูมิคือลักษณะใด|เก็บจากแหล่งโดยตรง|สรุปจากสารานุกรมเสมอ|ความคิดเห็นที่ไม่ตรวจ|ข่าวส่งต่อไม่รู้ที่มา
สัมภาษณ์ครูเรื่องการจัดกิจกรรมเองเป็นข้อมูลชนิดใด|ปฐมภูมิ|ตติยภูมิ|ข่าวลือ|ข้อมูลที่ไม่มีแหล่ง
รายงานที่วิเคราะห์ข้อมูลจากงานวิจัยคนอื่นเป็นลักษณะใด|ทุติยภูมิ|ข้อมูลดิบที่เก็บเองเสมอ|ไม่มีข้อมูล|ไฟล์ภาพเท่านั้น
สารานุกรมที่รวบรวมความรู้หลายแหล่งเป็นตัวอย่างข้อมูลใด|ตติยภูมิ|การสัมภาษณ์โดยตรง|ข้อมูลดิบจากการทดลองเสมอ|ข่าวลือ
ข้อมูลปฐมภูมิถูกต้องเสมอหรือไม่|ไม่ ต้องตรวจวิธีเก็บและข้อจำกัด|ถูกทุกกรณี|ถูกเพราะยาว|ถูกเพราะเป็นภาพ
แบบสำรวจถามเฉพาะเพื่อนสนิทอาจมีปัญหาอะไร|ตัวอย่างไม่เป็นตัวแทน|ทุกคนเห็นเหมือนกันแน่นอน|ข้อมูลเป็นศูนย์|ไม่มีอคติแน่นอน
ข้อเท็จจริงต่างจากความคิดเห็นอย่างไร|ตรวจด้วยหลักฐานได้|ต้องมีคนชอบมาก|ไม่มีวันที่|ใช้คำสวยกว่า
ข้อความ โรงเรียนนี้ดีที่สุด เป็นข้อมูลลักษณะใดเมื่อไม่บอกเกณฑ์|ความคิดเห็น|ค่าที่วัดแน่นอน|ข้อมูลดิบ|หลักฐานสมบูรณ์
เห็นข้อมูลขัดกันสองแหล่งควรทำอะไร|ตรวจต้นทาง วิธี และช่วงเวลา|เลือกที่ชอบ|เลือกสีสวย|เฉลี่ยข้อความทุกกรณี
รูปภาพในข่าวควรตรวจอะไร|ที่มา เวลา และบริบท|สีกรอบอย่างเดียว|ชื่อไฟล์อย่างเดียว|จำนวนยอดชอบเท่านั้น
ภาพเก่าถูกนำมาอ้างว่าเพิ่งเกิดมีปัญหาอะไร|บริบทและเวลาไม่ตรง|ภาพไม่มีมวล|ภาพยาวเกิน|ภาพไม่มีเสียง
หัวข้อข่าวรุนแรงแต่เนื้อหาไม่ตรงควรทำอะไร|อ่านเนื้อหาและตรวจหลักฐานก่อนแชร์|เชื่อหัวข้อทันที|แชร์เฉพาะหัวข้อ|เพิ่มข้อความเอง
ยอดแชร์มากพิสูจน์ว่าข่าวจริงหรือไม่|ไม่|จริงเสมอ|จริงหากมีรูป|จริงถ้าเพื่อนแชร์
ข่าวอ้างว่า ทุกคนรู้กัน ควรเรียกร้องอะไร|หลักฐานตรวจสอบได้|ยอดชอบเพิ่ม|ภาพพื้นหลัง|คำพูดแรงขึ้น
ก่อนส่งต่อข่าวที่น่าตกใจควรทำอะไร|ตรวจสอบกับแหล่งน่าเชื่อถือ|ส่งต่อเร็วที่สุด|แก้รายละเอียดเอง|ลบที่มา
ข่าวไม่มีหลักฐานและเร่งให้แชร์ควรทำอย่างไร|ชะลอการแชร์และตรวจสอบ|แชร์ก่อนตรวจ|เพิ่มชื่อคนอื่น|ส่งทุกกลุ่ม
การแยกข่าวกับโฆษณามีประโยชน์อะไร|เข้าใจวัตถุประสงค์ของผู้เผยแพร่|ทำให้ไม่ต้องอ่าน|ทำให้สินค้าถูกเสมอ|รับประกันข้อมูลจริง
ผู้เขียนขายสินค้าที่ตนรีวิวควรพิจารณาอะไร|ผลประโยชน์และอคติที่อาจมี|ขนาดรูปอย่างเดียว|ชื่อยาวเท่านั้น|จำนวนสีจอ
ข้อมูลที่มีแหล่งอ้างอิงควรทำอะไรต่อ|ตรวจว่าแหล่งนั้นสนับสนุนจริง|เชื่อทันทีโดยไม่อ่าน|ลบอ้างอิง|นับลิงก์อย่างเดียว
ด้าน Presentation ในการประเมินข้อมูลเน้นอะไร|ความชัดเจนของการนำเสนอ|ราคาสินค้า|ขนาดผู้เขียน|ชนิดสายไฟ
ด้าน Relevance เน้นอะไร|ตรงความต้องการใช้ข้อมูล|จำนวนโฆษณา|ความสวยของภาพเท่านั้น|ชื่อโดเมนอย่างเดียว
ด้าน Objectivity เน้นอะไร|ความเป็นกลางและอคติ|อายุเครื่อง|เสียงลำโพง|ขนาดจอ
ด้าน Method เน้นอะไร|วิธีได้มาของข้อมูล|สีรูป|ชื่อผู้ใช้|จำนวนไอคอน
ด้าน Provenance เน้นอะไร|ต้นทางและผู้รับผิดชอบข้อมูล|มวลไฟล์|สีปุ่ม|รูปแบบตัวอักษรอย่างเดียว
ด้าน Timeliness เน้นอะไร|ความทันเวลาและช่วงข้อมูล|ความเร็วเมาส์|เวลาชาร์จ|จำนวนรูป
ข้อมูลวิชาการจากหน่วยงานเกี่ยวข้องยังควรตรวจอะไร|วันที่ วิธี และความตรงประเด็น|สีโลโก้เท่านั้น|ราคาคอมพิวเตอร์|เสียงในหน้าเว็บ
บทความอ่านง่ายแต่ไม่มีหลักฐานเพียงพอเป็นอย่างไร|ความชัดเจนไม่รับประกันความจริง|จริงเสมอ|ใช้ได้ทุกงาน|เป็นงานวิจัยทันที
สรุปว่าคนทั้งโรงเรียนคิดเหมือนกันจากสองคนเป็นปัญหาใด|ด่วนสรุปจากตัวอย่างน้อย|หลักฐานเพียงพอ|ตรวจสอบครบ|เหตุผลสมบูรณ์
โจมตีผู้พูดแทนตอบเหตุผลเป็นอะไร|โจมตีตัวบุคคล|ประเมินหลักฐาน|ตรวจแหล่งข้อมูล|ทดลองซ้ำ
เชื่อสินค้าเพราะดาราที่ไม่ใช่ผู้เชี่ยวชาญรับรองอย่างเดียวเป็นปัญหาใด|อ้างอำนาจไม่ตรงเรื่อง|หลักฐานทดลอง|การเปรียบเทียบที่ครบ|ข้อมูลปฐมภูมิเสมอ
บอกว่าความเห็นถูกเพราะคนเชื่อมากเป็นเหตุผลแบบใด|อ้างคนส่วนใหญ่|วิเคราะห์หลักฐาน|พิสูจน์ทดลอง|ตรวจวิธีเก็บ
เล่าเรื่องน่าสงสารแทนหลักฐานของข้ออ้างเป็นปัญหาใด|ใช้อารมณ์แทนเหตุผล|การพิสูจน์สมบูรณ์|การทดลอง|ตรวจต้นทาง
คำว่า หลังจากนั้นจึงเป็นสาเหตุ จำเป็นต้องจริงหรือไม่|ไม่ ต้องตรวจความสัมพันธ์เชิงเหตุ|จริงเสมอ|จริงถ้ามีรูป|จริงถ้าเกิดวันเดียวกัน
อ้างว่าทำได้แค่สองทางทั้งที่มีทางอื่นเป็นปัญหาอะไร|ทางเลือกจำกัดเกินจริง|ข้อมูลครบ|เหตุผลยืนยันแล้ว|วิธีทดลอง
ตีความคำพูดคนอื่นให้สุดโต่งแล้วโจมตีมีปัญหาอะไร|บิดเบือนข้อโต้แย้ง|ตรวจข้อมูลครบ|อ้างอิงถูกต้องเสมอ|เปรียบเทียบยุติธรรม
อภิปรายข้อมูลควรตอบอย่างไร|ตอบประเด็นด้วยหลักฐาน|ด่าผู้พูด|แชร์ข้อมูลส่วนตัว|ข่มขู่
ไม่เห็นด้วยกับโพสต์ควรทำอะไร|แสดงเหตุผลอย่างสุภาพ|เปิดเผยเบอร์ผู้เขียน|สร้างข่าวลือ|ชวนคนด่า
คัดลอกบทความทำรายงานควรทำอย่างไร|อ้างอิงและใช้งานตามสิทธิ์|ลบชื่อผู้เขียน|อ้างว่าเขียนเอง|ใช้โดยไม่อ่าน
ภาพบนอินเทอร์เน็ตนำใช้ได้ทุกภาพหรือไม่|ไม่ ต้องตรวจสิทธิ์และเงื่อนไข|ได้ทุกภาพ|ได้ถ้าภาพเล็ก|ได้ถ้ามีคนแชร์
ข้อมูลส่วนตัวใดไม่ควรเผยแพร่โดยไม่จำเป็น|ที่อยู่และเบอร์ติดต่อ|หัวข้อรายงานทั่วไป|ชื่อวิชาทั่วไป|กำหนดงานที่เผยแพร่แล้ว
ส่งรูปเพื่อนลงสื่อควรทำอะไรก่อน|ขออนุญาตและคำนึงความเป็นส่วนตัว|ส่งทันที|ใส่ข้อมูลส่วนตัวเพิ่ม|ลบชื่อผู้ถ่ายเท่านั้น
คนไม่รู้จักขอรหัสผ่านควรทำอย่างไร|ไม่ให้และแจ้งผู้เกี่ยวข้อง|ส่งทันที|โพสต์สาธารณะ|ให้เพื่อนส่งแทน
อีเมลเร่งให้กดลิงก์ยืนยันบัญชีควรตรวจอะไร|ผู้ส่งและปลายทางผ่านช่องทางทางการ|สีข้อความอย่างเดียว|จำนวนอีโมจิ|ความยาวหัวข้อเท่านั้น
ข้อความหลอกให้กรอกข้อมูลลับผ่านเว็บปลอมเรียกว่าอะไร|ฟิชชิง|สำรองข้อมูล|จัดหมวดข้อมูล|ค้นคำสำคัญ
การตั้งรหัสผ่านควรทำอย่างไร|ยาวและไม่ซ้ำบัญชีอื่น|ใช้วันเกิดทุกบัญชี|ใช้ชื่อเล่นอย่างเดียว|แชร์ในกลุ่ม
ยืนยันตัวตนหลายขั้นตอนช่วยอะไร|เพิ่มชั้นป้องกันบัญชี|รับประกันไม่ถูกโจมตีทุกกรณี|ทำให้ไม่ต้องใช้รหัสผ่านเสมอ|เปิดข้อมูลทั้งหมด
ใช้เครื่องร่วมกับผู้อื่นแล้วเสร็จควรทำอะไร|ออกจากบัญชี|บันทึกรหัสผ่านไว้เสมอ|เปิดบัญชีทิ้งไว้|ส่งรหัสให้คนถัดไป
พบการกลั่นแกล้งออนไลน์ควรทำอย่างไร|เก็บหลักฐานและขอความช่วยเหลือ|ร่วมด่า|ส่งต่อให้มากขึ้น|เผยข้อมูลผู้ถูกกระทำ
ลบโพสต์แล้วข้อมูลหายจากทุกที่แน่นอนหรือไม่|ไม่ อาจมีสำเนาหรือภาพจับหน้าจอ|หายแน่นอน|หายถ้าเปลี่ยนชื่อ|หายถ้าปิดจอ
ร่องรอยดิจิทัลหมายถึงอะไร|ข้อมูลการกระทำที่หลงเหลือออนไลน์|ฝุ่นบนจอ|สายไฟ|เสียงคีย์บอร์ด
ร้านค้าออนไลน์ควรตรวจอะไรก่อนซื้อ|ความน่าเชื่อถือ เงื่อนไข และราคาสุทธิ|รูปสวยอย่างเดียว|ยอดชอบอย่างเดียว|ชื่อสั้นที่สุด
ราคาสินค้าต่ำแต่ค่าจัดส่งสูงควรเทียบอะไร|ยอดรวมที่ต้องจ่าย|ราคาหน้าสินค้าอย่างเดียว|จำนวนรูป|สีบรรจุภัณฑ์
รีวิวเหมือนกันทุกข้อความอาจบอกอะไร|ควรตรวจความจริงเพิ่มเติม|สินค้าดีแน่นอน|ส่งฟรีเสมอ|ไม่มีความเสี่ยง
โปรโมชันเร่งโอนให้บัญชีไม่ตรงร้านควรทำอะไร|หยุดและตรวจผ่านช่องทางจริง|รีบโอน|ส่งรหัสผ่าน|ชวนเพื่อนโอนก่อน
ใช้ข้อมูลสถิติทำรายงานควรระบุอะไร|แหล่ง ปี และขอบเขตข้อมูล|ชื่อเพื่อนอย่างเดียว|สีกราฟ|ยี่ห้อเครื่อง
กราฟตัดแกนหรือเลือกช่วงข้อมูลอาจทำอะไร|ทำให้ตีความความต่างคลาดเคลื่อน|รับประกันถูก|ไม่มีผลทุกกรณี|แทนแหล่งอ้างอิง
ผลสำรวจความชอบกับเหตุผลการเลือกเหมือนกันหรือไม่|ไม่ เป็นข้อมูลคนละประเด็น|เหมือนทุกกรณี|ไม่มีประเด็น|เป็นข้อมูลลับเสมอ
หาข้อมูลเพื่อสนับสนุนความคิดตนเองอย่างเดียวเสี่ยงอะไร|อคติยืนยันความเชื่อ|ความเป็นกลางสูงสุด|หลักฐานครบเสมอ|ไม่มีข้อจำกัด
สรุปข้อมูลหลายแหล่งอย่างรับผิดชอบควรทำอย่างไร|ระบุข้อค้นพบและข้อจำกัดตามหลักฐาน|ตัดข้อมูลที่ไม่ชอบ|เติมข้อเท็จจริงเอง|ไม่บอกแหล่ง
